[
  {
    "index": 6,
    "posX": "0",
    "posY": "0",
    "type": "列头机架",
    "name": "HW05-03",
    "location": "01列"
  },
  {
    "index": 2,
    "posX": "0.9",
    "posY": "0",
    "type": "标准机架",
    "name": "ZTE01-01",
    "location": "01列01位",
    "occuRate": "28U/20U",
    "capacity": 0.6
  },
  {
    "index": 2,
    "posX": "1.5",
    "posY": "0",
    "type": "标准机架",
    "name": "HW01-02",
    "location": "01列02位",
    "occuRate": "26U/20U",
    "capacity": 0.6
  },
  {
    "index": 2,
    "posX": "2.2",
    "posY": "0",
    "type": "标准机架",
    "name": "ZTE01-03",
    "location": "01列03位",
    "occuRate": "23U/23U",
    "capacity": 0.5
  },
  {
    "index": 2,
    "posX": "2.9",
    "posY": "0",
    "type": "标准机架",
    "name": "ZTE01-04",
    "location": "01列04位",
    "occuRate": "26U/20U",
    "capacity": 0.6
  },
  {
    "index": 2,
    "posX": "3.5",
    "posY": "0",
    "type": "标准机架",
    "name": "ZTE 01－05",
    "location": "01列05位",
    "occuRate": "26U/20U",
    "capacity": 0.6
  },
  {
    "index": 2,
    "posX": "4.1",
    "posY": "0",
    "type": "标准机架",
    "name": "ZTE04",
    "location": "01列06位",
    "occuRate": "26U/20U",
    "capacity": 0.6
  },

  {
    "index": 2,
    "posX": "8.6",
    "posY": "0",
    "type": "标准机架",
    "name": "ZTE 01－07",
    "location": "01列07位",
    "occuRate": "26U/20U",
    "capacity": 0.6
  },
  {
    "index": 2,
    "posX": "9.2",
    "posY": "0",
    "type": "标准机架",
    "name": "ZTE 01－08",
    "location": "01列08位",
    "occuRate": "36U/12U",
    "capacity": 0.75
  },
  {
    "index": 2,
    "posX": "9.8",
    "posY": "0",
    "type": "标准机架",
    "name": "ZTE 01－09",
    "location": "01列09位",
    "occuRate": "45U/5U",
    "capacity": 0.9
  },
  {
    "index": 2,
    "posX": "10.4",
    "posY": "0",
    "type": "标准机架",
    "name": "ZLG05",
    "location": "01列10位",
    "occuRate": "23U/23U",
    "capacity": 0.5
  },
  {
    "index": 2,
    "posX": "11",
    "posY": "0",
    "type": "标准机架",
    "name": "HW15",
    "location": "01列11位",
    "occuRate": "26U/20U",
    "capacity": 0.6
  },
  {
    "index": 2,
    "posX": "11.6",
    "posY": "0",
    "type": "标准机架",
    "name": "WR03-02",
    "location": "01列12位",
    "occuRate": "15U/35U",
    "capacity": 0.3
  },
  {
    "index": 6,
    "posX": "12.25",
    "posY": "0",
    "type": "列头机架",
    "name": "HW05-03",
    "location": "01列"
  },
  {
    "index": 6,
    "posX": "0",
    "posY": "2.4",
    "type": "列头机架",
    "name": "DDF01-03"
  },
  {
    "index": 4,
    "posX": "0.6",
    "posY": "2.2",
    "type": "DDF机架",
    "name": "DDF02-01",
    "capacity": 0.5
  },
  {
    "index": 4,
    "posX": "0.9",
    "posY": "2.2",
    "type": "DDF机架",
    "name": "DDF03-02",
    "capacity": 0.5
  },
  {
    "index": 4,
    "posX": "1.2",
    "posY": "2.2",
    "type": "DDF机架",
    "name": "DDF03-01",
    "capacity": 0.5
  },
  {
    "index": 4,
    "posX": "1.5",
    "posY": "2.2",
    "type": "DDF机架",
    "name": "DDF03-04",
    "capacity": 0.5
  },
  {
    "index": 4,
    "posX": "1.8",
    "posY": "2.2",
    "type": "DDF机架",
    "name": "DDF03-05",
    "capacity": 0.5
  },
  {
    "index": 4,
    "posX": "2.1",
    "posY": "2.2",
    "type": "DDF机架",
    "name": "DDF03-06",
    "capacity": 0.5
  },
  {
    "index": 4,
    "posX": "2.4",
    "posY": "2.2",
    "type": "DDF机架",
    "name": "DDF03-07",
    "capacity": 0.5
  },
  {
    "index": 4,
    "posX": "2.7",
    "posY": "2.2",
    "type": "DDF机架",
    "name": "DDF03-08",
    "capacity": 0.5
  },
  {
    "index": 4,
    "posX": "3",
    "posY": "2.2",
    "type": "DDF机架",
    "name": "DDF03-09",
    "capacity": 0.6
  },
  {
    "index": 4,
    "posX": "3.3",
    "posY": "2.2",
    "type": "DDF机架",
    "name": "DDF03-10",
    "capacity": 0.5
  },
  {
    "index": 4,
    "posX": "3.6",
    "posY": "2.2",
    "type": "DDF机架",
    "name": "DDF03-11",
    "capacity": 0.5
  },
  {
    "index": 4,
    "posX": "3.9",
    "posY": "2.2",
    "type": "DDF机架",
    "name": "DDF03-12",
    "capacity": 0.5
  },
  {
    "index": 4,
    "posX": "4.2",
    "posY": "2.2",
    "type": "DDF机架",
    "name": "DDF03-13",
    "capacity": 0.5
  },
  {
    "index": 4,
    "posX": "4.5",
    "posY": "2.2",
    "type": "DDF机架",
    "name": "DDF03-14",
    "capacity": 0.5
  },
  {
    "index": 4,
    "posX": "4.8",
    "posY": "2.2",
    "type": "DDF机架",
    "name": "DDF03-15",
    "capacity": 0.5
  },
  {
    "index": 4,
    "posX": "5.1",
    "posY": "2.2",
    "type": "DDF机架",
    "name": "DDF03-16",
    "capacity": 0.6
  },
  {
    "index": 4,
    "posX": "5.4",
    "posY": "2.2",
    "type": "DDF机架",
    "name": "DDF03-17",
    "capacity": 0.5
  },
  {
    "index": 4,
    "posX": "5.7",
    "posY": "2.2",
    "type": "DDF机架",
    "name": "DDF03-18",
    "capacity": 0.6
  },
  {
    "index": 4,
    "posX": "6",
    "posY": "2.2",
    "type": "DDF机架",
    "name": "DDF03-19",
    "capacity": 0.5
  },
  {
    "index": 4,
    "posX": "6.3",
    "posY": "2.2",
    "type": "DDF机架",
    "name": "DDF03-20",
    "capacity": 0.5
  },
  {
    "index": 4,
    "posX": "6.6",
    "posY": "2.2",
    "type": "DDF机架",
    "name": "DDF03-21",
    "capacity": 0.5
  },
  {
    "index": 4,
    "posX": "6.9",
    "posY": "2.2",
    "type": "DDF机架",
    "name": "DDF03-22",
    "capacity": 0.5
  },
  {
    "index": 4,
    "posX": "7.2",
    "posY": "2.2",
    "type": "DDF机架",
    "name": "DDF03-21",
    "capacity": 0.7
  },
  {
    "index": 4,
    "posX": "7.5",
    "posY": "2.2",
    "type": "DDF机架",
    "name": "DDF03-22",
    "capacity": 0.5
  },
  {
    "index": 4,
    "posX": "7.8",
    "posY": "2.2",
    "type": "DDF机架",
    "name": "DDF03-23",
    "capacity": 0.5
  },
  {
    "index": 4,
    "posX": "8.1",
    "posY": "2.2",
    "type": "DDF机架",
    "name": "DDF03-24",
    "capacity": 0.4
  },
  {
    "index": 4,
    "posX": "8.4",
    "posY": "2.2",
    "type": "DDF机架",
    "name": "DDF03-25",
    "capacity": 0.5
  },
  {
    "index": 4,
    "posX": "8.7",
    "posY": "2.2",
    "type": "DDF机架",
    "name": "DDF03-26",
    "capacity": 0.5
  },
  {
    "index": 4,
    "posX": "9",
    "posY": "2.2",
    "type": "DDF机架",
    "name": "DDF03-27",
    "capacity": 0.5
  },
  {
    "index": 4,
    "posX": "9.3",
    "posY": "2.2",
    "type": "DDF机架",
    "name": "DDF03-28",
    "capacity": 0.5
  },
  {
    "index": 4,
    "posX": "9.6",
    "posY": "2.2",
    "type": "DDF机架",
    "name": "DDF03-28",
    "capacity": 0.4
  },
  {
    "index": 4,
    "posX": "9.9",
    "posY": "2.2",
    "type": "DDF机架",
    "name": "DDF03-29",
    "capacity": 0.5
  },
  {
    "index": 4,
    "posX": "10.2",
    "posY": "2.2",
    "type": "DDF机架",
    "name": "DDF03-30",
    "capacity": 0.3
  },
  {
    "index": 4,
    "posX": "10.5",
    "posY": "2.2",
    "type": "DDF机架",
    "name": "DDF03-31",
    "capacity": 0.5
  },
  {
    "index": 4,
    "posX": "10.8",
    "posY": "2.2",
    "type": "DDF机架",
    "name": "DDF03-32",
    "capacity": 0.5
  },
  {
    "index": 4,
    "posX": "11.1",
    "posY": "2.2",
    "type": "DDF机架",
    "name": "DDF03-33",
    "capacity": 0.6
  },
  {
    "index": 4,
    "posX": "11.4",
    "posY": "2.2",
    "type": "DDF机架",
    "name": "DDF03-36",
    "capacity": 0.5
  },
  {
    "index": 4,
    "posX": "11.7",
    "posY": "2.2",
    "type": "DDF机架",
    "name": "DDF03-37",
    "capacity": 0.5
  },
  {
    "index": 6,
    "posX": "12.3",
    "posY": "2.4",
    "type": "列头机架",
    "name": "DDF03-37"
  },
  {
    "index": 4,
    "posX": "0.6",
    "posY": "2.6",
    "type": "DDF机架",
    "name": "DDF02-07",
    "capacity": 0.5
  },
  {
    "index": 4,
    "posX": "0.9",
    "posY": "2.6",
    "type": "DDF机架",
    "name": "DDF03-08",
    "capacity": 0.5
  },
  {
    "index": 4,
    "posX": "1.2",
    "posY": "2.6",
    "type": "DDF机架",
    "name": "DDF03-09",
    "capacity": 0.5
  },
  {
    "index": 4,
    "posX": "1.5",
    "posY": "2.6",
    "type": "DDF机架",
    "name": "DDF03-11",
    "capacity": 0.5
  },
  {
    "index": 4,
    "posX": "1.8",
    "posY": "2.6",
    "type": "DDF机架",
    "name": "DDF03-12",
    "capacity": 0.5
  },
  {
    "index": 4,
    "posX": "2.1",
    "posY": "2.6",
    "type": "DDF机架",
    "name": "DDF03-13",
    "capacity": 0.5
  },
  {
    "index": 4,
    "posX": "2.4",
    "posY": "2.6",
    "type": "DDF机架",
    "name": "DDF03-14",
    "capacity": 0.7
  },
  {
    "index": 4,
    "posX": "2.7",
    "posY": "2.6",
    "type": "DDF机架",
    "name": "DDF03-15",
    "capacity": 0.5
  },
  {
    "index": 4,
    "posX": "3",
    "posY": "2.6",
    "type": "DDF机架",
    "name": "DDF03-16",
    "capacity": 0.8
  },
  {
    "index": 4,
    "posX": "3.3",
    "posY": "2.6",
    "type": "DDF机架",
    "name": "DDF03-17",
    "capacity": 0.5
  },
  {
    "index": 4,
    "posX": "3.6",
    "posY": "2.6",
    "type": "DDF机架",
    "name": "DDF03-18",
    "capacity": 0.5
  },
  {
    "index": 4,
    "posX": "3.9",
    "posY": "2.6",
    "type": "DDF机架",
    "name": "DDF03-19",
    "capacity": 0.6
  },
  {
    "index": 4,
    "posX": "4.2",
    "posY": "2.6",
    "type": "DDF机架",
    "name": "DDF03-20",
    "capacity": 0.8
  },
  {
    "index": 4,
    "posX": "4.5",
    "posY": "2.6",
    "type": "DDF机架",
    "name": "DDF03-21",
    "capacity": 0.5
  },
  {
    "index": 4,
    "posX": "4.8",
    "posY": "2.6",
    "type": "DDF机架",
    "name": "DDF03-22",
    "capacity": 0.5
  },
  {
    "index": 4,
    "posX": "5.1",
    "posY": "2.6",
    "type": "DDF机架",
    "name": "DDF03-23",
    "capacity": 0.5
  },
  {
    "index": 4,
    "posX": "5.4",
    "posY": "2.6",
    "type": "DDF机架",
    "name": "DDF03-24",
    "capacity": 0.6
  },
  {
    "index": 4,
    "posX": "5.7",
    "posY": "2.6",
    "type": "DDF机架",
    "name": "DDF03-25",
    "capacity": 0.5
  },
  {
    "index": 4,
    "posX": "6",
    "posY": "2.6",
    "type": "DDF机架",
    "name": "DDF03-26",
    "capacity": 0.4
  },
  {
    "index": 4,
    "posX": "6.3",
    "posY": "2.6",
    "type": "DDF机架",
    "name": "DDF03-27",
    "capacity": 0.5
  },
  {
    "index": 4,
    "posX": "6.6",
    "posY": "2.6",
    "type": "DDF机架",
    "name": "DDF03-28",
    "capacity": 0.7
  },
  {
    "index": 4,
    "posX": "6.9",
    "posY": "2.6",
    "type": "DDF机架",
    "name": "DDF03-29",
    "capacity": 0.8
  },
  {
    "index": 4,
    "posX": "7.2",
    "posY": "2.6",
    "type": "DDF机架",
    "name": "DDF03-30",
    "capacity": 0.5
  },
  {
    "index": 4,
    "posX": "7.5",
    "posY": "2.6",
    "type": "DDF机架",
    "name": "DDF03-31",
    "capacity": 0.5
  },
  {
    "index": 4,
    "posX": "7.8",
    "posY": "2.6",
    "type": "DDF机架",
    "name": "DDF03-32",
    "capacity": 0.5
  },
  {
    "index": 4,
    "posX": "8.1",
    "posY": "2.6",
    "type": "DDF机架",
    "name": "DDF03-33",
    "capacity": 0.6
  },
  {
    "index": 4,
    "posX": "8.4",
    "posY": "2.6",
    "type": "DDF机架",
    "name": "DDF03-34",
    "capacity": 0.4
  },
  {
    "index": 4,
    "posX": "8.7",
    "posY": "2.6",
    "type": "DDF机架",
    "name": "DDF03-35",
    "capacity": 0.5
  },
  {
    "index": 4,
    "posX": "9",
    "posY": "2.6",
    "type": "DDF机架",
    "name": "DDF03-36",
    "capacity": 0.5
  },
  {
    "index": 4,
    "posX": "9.3",
    "posY": "2.6",
    "type": "DDF机架",
    "name": "DDF03-36",
    "capacity": 0.5
  },
  {
    "index": 4,
    "posX": "9.6",
    "posY": "2.6",
    "type": "DDF机架",
    "name": "DDF03-37",
    "capacity": 0.6
  },
  {
    "index": 4,
    "posX": "9.9",
    "posY": "2.6",
    "type": "DDF机架",
    "name": "DDF03-38",
    "capacity": 0.5
  },
  {
    "index": 4,
    "posX": "9.9",
    "posY": "2.6",
    "type": "DDF机架",
    "name": "DDF03-39",
    "capacity": 0.5
  },
  {
    "index": 4,
    "posX": "10.2",
    "posY": "2.6",
    "type": "DDF机架",
    "name": "DDF03-40",
    "capacity": 0.9
  },
  {
    "index": 4,
    "posX": "10.5",
    "posY": "2.6",
    "type": "DDF机架",
    "name": "DDF03-41",
    "capacity": 0.5
  },
  {
    "index": 4,
    "posX": "10.8",
    "posY": "2.6",
    "type": "DDF机架",
    "name": "DDF03-42",
    "capacity": 0.5
  },
  {
    "index": 4,
    "posX": "11.1",
    "posY": "2.6",
    "type": "DDF机架",
    "name": "DDF03-43",
    "capacity": 0.5
  },
  {
    "index": 4,
    "posX": "11.4",
    "posY": "2.6",
    "type": "DDF机架",
    "name": "DDF03-44",
    "capacity": 0.7
  },
  {
    "index": 4,
    "posX": "11.7",
    "posY": "2.6",
    "type": "DDF机架",
    "name": "DDF03-45",
    "capacity": 0.5
  },
  {
    "index": 6,
    "posX": "0",
    "posY": "4.0",
    "type": "列头机架",
    "name": "DDF03-04"
  },
  {
    "index": 5,
    "posX": "0.6",
    "posY": "4.0",
    "type": "空调",
    "name": "DDF03-04",
    "capacity": 0.8
  },
  {
    "index": 5,
    "posX": "1.1",
    "posY": "4.0",
    "type": "空调",
    "name": "DDF03-05",
    "capacity": 0.5
  },
  {
    "index": 5,
    "posX": "1.6",
    "posY": "4.0",
    "type": "空调",
    "name": "DDF03-06",
    "capacity": 0.5
  },
  {
    "index": 5,
    "posX": "2.1",
    "posY": "4.0",
    "type": "空调",
    "name": "DDF03-07",
    "capacity": 0.5
  },
  {
    "index": 5,
    "posX": "2.6",
    "posY": "4.0",
    "type": "空调",
    "name": "DDF03-08",
    "capacity": 0.6
  },
  {
    "index": 5,
    "posX": "3.1",
    "posY": "4.0",
    "type": "空调",
    "name": "DDF03-09",
    "capacity": 0.5
  },
  {
    "index": 5,
    "posX": "3.6",
    "posY": "4.0",
    "type": "空调",
    "name": "DDF03-10",
    "capacity": 0.5
  },
  {
    "index": 5,
    "posX": "4.1",
    "posY": "4.0",
    "type": "空调",
    "name": "DDF03-11",
    "capacity": 0.5
  },
  {
    "index": 5,
    "posX": "4.6",
    "posY": "4.0",
    "type": "空调",
    "name": "DDF03-12",
    "capacity": 0.5
  },
  {
    "index": 5,
    "posX": "5.1",
    "posY": "4.0",
    "type": "空调",
    "name": "DDF03-13",
    "capacity": 0.5
  },
  {
    "index": 5,
    "posX": "5.6",
    "posY": "4.0",
    "type": "空调",
    "name": "DDF03-14",
    "capacity": 0.5
  },
  {
    "index": 5,
    "posX": "6.1",
    "posY": "4.0",
    "type": "空调",
    "name": "DDF03-15",
    "capacity": 0.5
  },
  {
    "index": 5,
    "posX": "6.6",
    "posY": "4.0",
    "type": "空调",
    "name": "DDF03-16",
    "capacity": 0.5
  },
  {
    "index": 5,
    "posX": "7.1",
    "posY": "4.0",
    "type": "空调",
    "name": "DDF03-17",
    "capacity": 0.5
  },
  {
    "index": 5,
    "posX": "7.6",
    "posY": "4.0",
    "type": "空调",
    "name": "DDF03-18",
    "capacity": 0.5
  },
  {
    "index": 5,
    "posX": "8.1",
    "posY": "4.0",
    "type": "空调",
    "name": "DDF03-19",
    "capacity": 0.5
  },
  {
    "index": 5,
    "posX": "8.6",
    "posY": "4.0",
    "type": "空调",
    "name": "DDF03-20",
    "capacity": 0.5
  },
  {
    "index": 5,
    "posX": "9.1",
    "posY": "4.0",
    "type": "空调",
    "name": "DDF03-21",
    "capacity": 0.5
  },
  {
    "index": 5,
    "posX": "9.6",
    "posY": "4.0",
    "type": "空调",
    "name": "DDF03-22",
    "capacity": 0.5
  },
  {
    "index": 5,
    "posX": "10.1",
    "posY": "4.0",
    "type": "空调",
    "name": "DDF03-23",
    "capacity": 0.5
  },
  {
    "index": 5,
    "posX": "10.6",
    "posY": "4.0",
    "type": "空调",
    "name": "DDF03-24",
    "capacity": 0.5
  },
  {
    "index": 5,
    "posX": "11.1",
    "posY": "4.0",
    "type": "空调",
    "name": "DDF03-25",
    "capacity": 0.5
  },
  {
    "index": 5,
    "posX": "11.6",
    "posY": "4.0",
    "type": "空调",
    "name": "DDF03-26",
    "capacity": 0.5
  },
  {
    "index": 6,
    "posX": "12.2",
    "posY": "4.0",
    "type": "列头机架",
    "name": "DDF03-27"
  },
  {
    "index": 6,
    "posX": "0",
    "posY": "6.0",
    "type": "列头机架",
    "name": "ZTE-01"
  },
  {
    "index": 7,
    "posX": "0.85",
    "posY": "6.0",
    "type": "ODF机架",
    "name": "ODF-02",
    "capacity": 0.5
  },
  {
    "index": 7,
    "posX": "1.7",
    "posY": "6.0",
    "type": "ODF机架",
    "name": "ODF-03",
    "capacity": 0.5
  },
  {
    "index": 7,
    "posX": "2.55",
    "posY": "6.0",
    "type": "ODF机架",
    "name": "ODF-04",
    "capacity": 0.5
  },
  {
    "index": 7,
    "posX": "3.4",
    "posY": "6.0",
    "type": "ODF机架",
    "name": "ODF-05",
    "capacity": 0.5
  },
  {
    "index": 7,
    "posX": "4.25",
    "posY": "6.0",
    "type": "ODF机架",
    "name": "ODF-06",
    "capacity": 0.5
  },
  {
    "index": 7,
    "posX": "5.1",
    "posY": "6.0",
    "type": "ODF机架",
    "name": "ODF-07",
    "capacity": 0.5
  },
  {
    "index": 7,
    "posX": "5.95",
    "posY": "6.0",
    "type": "ODF机架",
    "name": "ODF-08",
    "capacity": 0.5
  },
  {
    "index": 7,
    "posX": "6.8",
    "posY": "6.0",
    "type": "ODF机架",
    "name": "ODF-09",
    "capacity": 0.5
  },
  {
    "index": 7,
    "posX": "7.65",
    "posY": "6.0",
    "type": "ODF机架",
    "name": "ODF-10",
    "capacity": 0.5
  },
  {
    "index": 7,
    "posX": "8.4",
    "posY": "6.0",
    "type": "ODF机架",
    "name": "ODF-10",
    "capacity": 0.5
  },
  {
    "index": 7,
    "posX": "9.25",
    "posY": "6.0",
    "type": "ODF机架",
    "name": "ODF-11",
    "capacity": 0.5
  },
  {
    "index": 7,
    "posX": "10.1",
    "posY": "6.0",
    "type": "ODF机架",
    "name": "ODF-12",
    "capacity": 0.5
  },
  {
    "index": 7,
    "posX": "10.95",
    "posY": "6.0",
    "type": "ODF机架",
    "name": "ODF-13",
    "capacity": 0.5
  },
  {
    "index": 6,
    "posX": "11.8",
    "posY": "6.0",
    "type": "配线机架",
    "name": "ZTE-23"
  },
  {
    "index": 6,
    "posX": "0",
    "posY": "8.0",
    "type": "配线机架",
    "name": "ZTE-01",
    "capacity": 0.5
  },
  {
    "index": 8,
    "posX": "0.6",
    "posY": "8.0",
    "type": "配线机架",
    "name": "ZTE-02",
    "capacity": 0.5
  },
  {
    "index": 8,
    "posX": "1.2",
    "posY": "8.0",
    "type": "配线机架",
    "name": "ZTE-03",
    "capacity": 0.5
  },
  {
    "index": 8,
    "posX": "1.8",
    "posY": "8.0",
    "type": "配线机架",
    "name": "ZTE-04",
    "capacity": 0.5
  },
  {
    "index": 8,
    "posX": "2.4",
    "posY": "8.0",
    "type": "配线机架",
    "name": "ZTE-05",
    "capacity": 0.5
  },
  {
    "index": 8,
    "posX": "3",
    "posY": "8.0",
    "type": "配线机架",
    "name": "ZTE-06",
    "capacity": 0.5
  },
  {
    "index": 8,
    "posX": "3.6",
    "posY": "8.0",
    "type": "配线机架",
    "name": "ZTE-07",
    "capacity": 0.5
  },
  {
    "index": 8,
    "posX": "4.2",
    "posY": "8.0",
    "type": "配线机架",
    "name": "ZTE-08",
    "capacity": 0.5
  },
  {
    "index": 8,
    "posX": "4.8",
    "posY": "8.0",
    "type": "配线机架",
    "name": "ZTE-09",
    "capacity": 0.5
  },

  {
    "index": 8,
    "posX": "6.6",
    "posY": "8.0",
    "type": "配线机架",
    "name": "ZTE-13",
    "capacity": 0.5
  },
  {
    "index": 8,
    "posX": "7.2",
    "posY": "8.0",
    "type": "配线机架",
    "name": "ZTE-14",
    "capacity": 0.5
  },
  {
    "index": 8,
    "posX": "7.8",
    "posY": "8.0",
    "type": "配线机架",
    "name": "ZTE-15",
    "capacity": 0.5
  },
  {
    "index": 8,
    "posX": "8.4",
    "posY": "8.0",
    "type": "配线机架",
    "name": "ZTE-16",
    "capacity": 0.5
  },
  {
    "index": 8,
    "posX": "9",
    "posY": "8.0",
    "type": "配线机架",
    "name": "ZTE-17",
    "capacity": 0.5
  },
  {
    "index": 8,
    "posX": "9.6",
    "posY": "8.0",
    "type": "配线机架",
    "name": "ZTE-19",
    "capacity": 0.5
  },
  {
    "index": 8,
    "posX": "10.2",
    "posY": "8.0",
    "type": "配线机架",
    "name": "ZTE-20",
    "capacity": 0.5
  },
  {
    "index": 8,
    "posX": "10.8",
    "posY": "8.0",
    "type": "配线机架",
    "name": "ZTE-21",
    "capacity": 0.5
  },
  {
    "index": 8,
    "posX": "11.4",
    "posY": "8.0",
    "type": "配线机架",
    "name": "ZTE-22",
    "capacity": 0.5
  },
  {
    "index": 6,
    "posX": "12",
    "posY": "8.0",
    "type": "列头机架",
    "name": "ZTE-23",
    "capacity": 0.5
  },
  {
    "index": 6,
    "posX": "0",
    "posY": "10",
    "type": "列头机架",
    "name": "列头机架",
    "setId": 22
  },
  {
    "index": 1,
    "posX": "0.6",
    "posY": "10",
    "type": "标准机架",
    "name": "RSS02-02",
    "parentId": 22,
    "capacity": 0.7
  },
  {
    "index": 1,
    "posX": "1.2",
    "posY": "10",
    "type": "标准机架",
    "name": "RSS02-03",
    "parentId": 22,
    "capacity": 0.6
  },
  {
    "index": 1,
    "posX": "1.8",
    "posY": "10",
    "type": "标准机架",
    "name": "RSS02-04",
    "parentId": 22,
    "capacity": 0.9
  },
  {
    "index": 1,
    "posX": "2.4",
    "posY": "10",
    "type": "标准机架",
    "name": "RSS02-05",
    "parentId": 22,
    "capacity": 0.5
  },
  {
    "index": 1,
    "posX": "3",
    "posY": "10",
    "type": "标准机架",
    "name": "RSS02-06",
    "parentId": 22,
    "capacity": 0.6
  },
  {
    "index": 1,
    "posX": "3.6",
    "posY": "10",
    "type": "标准机架",
    "name": "RSS02-07",
    "parentId": 22,
    "capacity": 0.6
  },
  {
    "index": 1,
    "posX": "4.2",
    "posY": "10",
    "type": "标准机架",
    "name": "RSS02-08",
    "capacity": 0.6
  },
  {
    "index": 1,
    "posX": "4.8",
    "posY": "10",
    "type": "标准机架",
    "name": "RSS02-09",
    "capacity": 0.6
  },
  {
    "index": 1,
    "posX": "5.4",
    "posY": "10",
    "type": "标准机架",
    "name": "RSS02-10",
    "capacity": 0.5
  },
  {
    "index": 1,
    "posX": "6",
    "posY": "10",
    "type": "标准机架",
    "name": "RSS02-11",
    "capacity": 0.6
  },
  {
    "index": 1,
    "posX": "6.6",
    "posY": "10",
    "type": "标准机架",
    "name": "RSS02-12",
    "capacity": 0.6
  },
  {
    "index": 1,
    "posX": "7.2",
    "posY": "10",
    "type": "标准机架",
    "name": "RSS02-13",
    "capacity": 0.6
  },
  {
    "index": 1,
    "posX": "7.8",
    "posY": "10",
    "type": "标准机架",
    "name": "RSS02-14",
    "capacity": 0.6
  },
  {
    "index": 1,
    "posX": "8.4",
    "posY": "10",
    "type": "标准机架",
    "name": "RSS02-15",
    "capacity": 0.6
  },
  {
    "index": 1,
    "posX": "9",
    "posY": "10",
    "type": "标准机架",
    "name": "RSS02-16",
    "capacity": 0.6
  },
  {
    "index": 1,
    "posX": "9.6",
    "posY": "10",
    "type": "标准机架",
    "name": "RSS02-17",
    "capacity": 0.6
  },
  {
    "index": 1,
    "posX": "10.2",
    "posY": "10",
    "type": "标准机架",
    "name": "RSS02-18",
    "capacity": 0.6
  },
  {
    "index": 1,
    "posX": "10.8",
    "posY": "10",
    "type": "标准机架",
    "name": "RSS02-19",
    "capacity": 0.6
  },
  {
    "index": 1,
    "posX": "11.4",
    "posY": "10",
    "type": "标准机架",
    "name": "RSS02-20",
    "capacity": 0.6
  },
  {
    "index": 6,
    "posX": "12",
    "posY": "10",
    "type": "列头机架",
    "name": "RSS02-21"
  },
  {
    "index": 6,
    "posX": "0",
    "posY": "12",
    "type": "列头机架",
    "name": "RSS02-01"
  },
  {
    "index": 3,
    "posX": "0.6",
    "posY": "12",
    "type": "标准机架",
    "name": "RSS02-02",
    "capacity": 0.6
  },
  {
    "index": 3,
    "posX": "1.2",
    "posY": "12",
    "type": "标准机架",
    "name": "RSS02-03",
    "capacity": 0.3
  },
  {
    "index": 3,
    "posX": "1.8",
    "posY": "12",
    "type": "标准机架",
    "name": "RSS02-04",
    "capacity": 0.6
  },
  {
    "index": 3,
    "posX": "2.4",
    "posY": "12",
    "type": "标准机架",
    "name": "RSS02-06",
    "capacity": 0.6
  },
  {
    "index": 3,
    "posX": "3",
    "posY": "12",
    "type": "标准机架",
    "name": "RSS02-07",
    "capacity": 0.6
  },
  {
    "index": 3,
    "posX": "3.6",
    "posY": "12",
    "type": "标准机架",
    "name": "RSS02-08",
    "capacity": 0.8
  },
  {
    "index": 3,
    "posX": "4.2",
    "posY": "12",
    "type": "标准机架",
    "name": "RSS02-09",
    "capacity": 0.6
  },
  {
    "index": 3,
    "posX": "4.8",
    "posY": "12",
    "type": "标准机架",
    "name": "RSS02-10",
    "capacity": 0.6
  },
  {
    "index": 3,
    "posX": "5.4",
    "posY": "12",
    "type": "标准机架",
    "name": "RSS02-11",
    "capacity": 0.6
  },
  {
    "index": 3,
    "posX": "6",
    "posY": "12",
    "type": "标准机架",
    "name": "RSS02-12",
    "capacity": 0.6
  },
  {
    "index": 3,
    "posX": "6.6",
    "posY": "12",
    "type": "标准机架",
    "name": "RSS02-13*07行09列*2U*8U",
    "capacity": 0.5
  },
  {
    "index": 3,
    "posX": "7.2",
    "posY": "12",
    "type": "标准机架",
    "name": "RSS02-13*07行09列*2U*8U",
    "capacity": 0.6
  },
  {
    "index": 3,
    "posX": "7.8",
    "posY": "12",
    "type": "标准机架",
    "name": "RSS02-13*07行09列*2U*8U",
    "capacity": 0.6
  },
  {
    "index": 3,
    "posX": "8.4",
    "posY": "12",
    "type": "标准机架",
    "name": "RSS02-13*07行09列*2U*8U",
    "capacity": 0.6
  },
  {
    "index": 3,
    "posX": "9",
    "posY": "12",
    "type": "标准机架",
    "name": "RSS02-13",
    "capacity": 0.6
  },
  {
    "index": 3,
    "posX": "9.6",
    "posY": "12",
    "type": "标准机架",
    "name": "RSS02-13",
    "capacity": 0.7
  },
  {
    "index": 3,
    "posX": "10.2",
    "posY": "12",
    "type": "标准机架",
    "name": "RSS02-13",
    "capacity": 0.6
  },
  {
    "index": 3,
    "posX": "10.8",
    "posY": "12",
    "type": "标准机架",
    "name": "RSS02-13",
    "capacity": 0.7
  },
  {
    "index": 3,
    "posX": "11.4",
    "posY": "12",
    "type": "标准机架",
    "name": "RSS02-13*07",
    "capacity": 0.6
  },
  {
    "index": 6,
    "posX": "12",
    "posY": "12",
    "type": "列头机架",
    "name": "RSS02-13*07行09列*2U*8U"
  }
]
